track_id,danceability,energy,key,loudness,mode,speechiness,acousticness,instrumentalness,liveness,valence,tempo
1Bdgn4nmMlADRQ6DPJh7UM,0.23,0.0592,7.0,-23.594,1.0,0.0445,0.989,0.941,0.0906,0.103,89.965
76IOzfO0FG2AJMTIt2tUPB,0.633,0.794,2.0,-9.189,1.0,0.0507,0.479,0.000113,0.0804,0.754,100.813
3oDTKDo6QPUIJCD7cZLBHb,0.293,0.385,7.0,-6.855,0.0,0.0301,0.391,0.0,0.103,0.133,96.044
0YhC914Z6rLoTJJeZSBMq8,0.433,0.44,7.0,-7.546,1.0,0.032,0.779,5.59e-06,0.128,0.312,73.29
17ahSrFGTLNAEAquP1P88n,0.615,0.836,7.0,-4.648,1.0,0.0419,0.0788,0.0,0.62,0.877,123.005
1jloxj2l32MZBJapqOGN9X,0.333,0.234,4.0,-10.8,0.0,0.0378,0.895,0.000348,0.104,0.189,203.466
2nMeu6UenVvwUktBCpLMK9,0.324,0.416,11.0,-8.92,0.0,0.0368,0.262,3.69e-05,0.11,0.151,113.986
6X5aQbswVINUVmmugsMU96,0.589,0.853,4.0,-3.01,1.0,0.048,0.463,0.0,0.0722,0.304,169.947
11IXRdEjiH0KL8nh4G1j7d,0.339,0.219,9.0,-18.595,1.0,0.0336,0.578,0.101,0.104,0.0387,138.091
60a0Rd6pjrkxjPbaKzXjfq,0.556,0.864,3.0,-5.87,0.0,0.0584,0.00958,0.0,0.209,0.4,105.143
2Ig3npEMsgVAN2NtRuSyh5,0.408,0.939,8.0,-5.762,1.0,0.151,0.223,0.0,0.147,0.761,172.141
5YdEQiynLpBRBk8CLEd9sG,0.454,0.427,8.0,-8.872,1.0,0.0507,0.653,0.0,0.181,0.346,139.19
55WIafaNg5WMRLMEMaIf4e,0.529,0.966,7.0,-4.849,1.0,0.0561,0.00451,0.0331,0.697,0.617,131.128
3Vu3gNAguJsEVQm9gXoYMj,0.502,0.243,2.0,-10.734,0.0,0.037,0.886,0.00086,0.338,0.27,107.556
40kq6PVQ2E6zgmnGfZtG6M,0.522,0.714,10.0,-5.322,1.0,0.0579,0.126,0.0,0.102,0.26,139.585
75iEncMCKw6aZvUWyZqxO4,0.622,0.49,2.0,-16.302,0.0,0.0369,0.554,0.961,0.0961,0.33,94.057
37mk7t1x4VmKmmqgRU8E2w,0.791,0.733,5.0,-5.123,0.0,0.029,0.00189,0.201,0.0859,0.917,105.987
6JXlccLNpK7F2XFwHuMy23,0.458,0.49,0.0,-6.81,1.0,0.0348,0.63,1.85e-06,0.118,0.35,137.606
7oTQ4d0UJeH8LOyvpfd5uW,0.528,0.687,2.0,-5.954,0.0,0.0532,0.144,0.0,0.251,0.423,142.605
6tsfGbVHWirffWWUUmtalg,0.5,0.293,4.0,-22.0,0.0,0.043,0.0955,0.602,0.612,0.0924,95.941
4wz9be3iTHln8swogVIAwR,0.839,0.698,9.0,-5.591,1.0,0.325,0.189,0.0,0.15,0.662,119.984
1IOlhRBZ8ek5Ix7QW6owiO,0.661,0.899,4.0,-4.215,1.0,0.0394,0.0353,0.0,0.101,0.522,143.947
2zYzyRzz6pRmhPzyfMEC8s,0.574,0.913,6.0,-4.793,0.0,0.133,0.061,0.00158,0.156,0.423,115.728
4ylWMuGbMXNDgDd8lErEle,0.417,0.824,11.0,-7.36,0.0,0.105,0.000239,0.0545,0.0725,0.4,157.92
5P2sVkO2mhgeDicQc1btfj,0.518,0.404,10.0,-13.712,1.0,0.0505,0.168,8.59e-05,0.11,0.509,91.605
5Fw4nhdXk4THgyfetrwpDf,0.09,0.117,0.0,-19.816,0.0,0.045,0.734,0.877,0.101,0.0376,82.297
4VVG3HBGaqSNZqIpmewIA6,0.777,0.721,6.0,-6.097,1.0,0.0719,0.0774,0.0,0.0801,0.665,161.976
7CIoJE0JfVFcmmUY3fFojH,0.347,0.326,1.0,-15.347,1.0,0.0561,0.987,0.887,0.784,0.167,79.416
1jlG3KJ3gdYmhfuySFfpO1,0.457,0.406,9.0,-7.462,1.0,0.0291,0.08,0.0,0.117,0.208,151.95
3zl7j5ua8mF4JDYuxrfo01,0.544,0.417,8.0,-4.387,1.0,0.0247,0.586,0.0,0.085,0.207,95.156
2v1eE7NJy08YJ9jsMhI47v,0.521,0.377,10.0,-7.768,0.0,0.031,0.752,0.0,0.105,0.333,78.702
67WTwafOMgegV6ABnBQxcE,0.672,0.738,0.0,-7.045,1.0,0.0506,0.0178,6.75e-05,0.0927,0.392,107.938
6tgEc2O1uFHcZDKPoo6PC8,0.647,0.732,2.0,-5.846,1.0,0.0891,0.0846,0.0,0.597,0.548,67.295
1tx2oinycuW0tfPrwUJuTU,0.502,0.669,11.0,-7.76,0.0,0.0385,0.0238,6.23e-06,0.142,0.379,95.047
1fdCjH8Y8n9j7lFr7tLbfm,0.633,0.871,11.0,-6.906,1.0,0.0543,0.119,0.0009,0.0938,0.872,165.026
1m4ZjbibTvvmYIJyXAIuxv,0.106,0.181,2.0,-17.969,1.0,0.0342,0.964,0.853,0.407,0.0593,61.02
0pVfvpMSFsabyuydMihDi1,0.475,0.257,0.0,-11.692,0.0,0.0463,0.913,0.0,0.112,0.243,111.145
3mj23ZA8LARtZSSVJxIZOi,0.508,0.737,1.0,-7.32,1.0,0.336,0.119,0.0,0.392,0.724,148.134
4L9io4XpkeysnBBbn6VH3r,0.331,0.232,10.0,-17.72,0.0,0.0431,0.868,0.934,0.0973,0.0692,109.802
0h9fnCSnbUgOEgibnQByFv,0.512,0.452,2.0,-8.991,1.0,0.0292,0.775,0.0818,0.065,0.235,124.103
5QNFdjlkHHdOyhutGef68K,0.479,0.801,8.0,-4.749,1.0,0.034,0.00233,0.0,0.11,0.506,131.91
1vyV7cxMnu5BEEEANpJy7u,0.685,0.878,7.0,-2.57,1.0,0.0551,0.0879,0.0,0.0964,0.855,159.974
7swocJUCUWTCiRUAU9oerC,0.636,0.466,4.0,-15.534,1.0,0.0317,0.134,0.942,0.156,0.296,136.206
6GLmGfALwjzCaOiHwgfU7g,0.661,0.443,8.0,-9.303,1.0,0.0688,0.175,0.0,0.177,0.147,80.0
7D64ejn2d3g6QaahkYdKXH,0.822,0.736,5.0,-5.775,1.0,0.313,0.251,0.0,0.054,0.59,135.132
55xly70WJY1cx5qsoogaqs,0.342,0.15,9.0,-24.134,1.0,0.0515,0.901,0.912,0.0845,0.057,121.279
2nLtzopw4rPReszdYBJU6h,0.488,0.87,6.0,-4.185,0.0,0.0421,0.00353,0.0,0.484,0.211,110.072
6pAH9ilo8UkRIraNc8YVkR,0.613,0.661,9.0,-4.984,1.0,0.0263,0.00652,0.0,0.0976,0.509,110.978
5BBOSI7uPvAdxw5Rp3jKHQ,0.544,0.835,9.0,-4.838,1.0,0.0384,0.00326,0.0,0.323,0.65,112.008
2OELzdlkfD8XKGhx68GoLG,0.148,0.0684,1.0,-22.785,0.0,0.0348,0.698,0.796,0.156,0.0332,80.506
1PAEeikWsmjY5pB3hbuF7G,0.46,0.334,10.0,-17.161,1.0,0.0643,0.427,0.0,0.133,0.286,183.987
0AUvWawuP0ibk4SQ3sIZjk,0.834,0.663,8.0,-6.143,1.0,0.133,0.235,0.0,0.372,0.774,121.876
7DFNE7NO0raLIUbgzY2rzm,0.509,0.538,7.0,-7.335,1.0,0.0572,0.385,0.0,0.104,0.244,75.089
2M4ZS9fZq86hVmO5ZOKvyb,0.791,0.582,6.0,-11.498,1.0,0.158,0.247,0.0,0.343,0.798,93.916
2N9XhnyDTq97R2UIyAKOKt,0.659,0.721,0.0,-7.29,0.0,0.0703,0.155,0.0,0.101,0.914,182.992
4mfQ1dT9zhaDhVpb4GbTOy,0.229,0.461,2.0,-13.951,0.0,0.0384,0.975,0.901,0.0905,0.515,94.739
6en0KcrH7lOI6Tpxnst3Lr,0.375,0.428,7.0,-7.532,1.0,0.0315,0.755,3.99e-06,0.127,0.301,72.446
0I3cUqffwmH2mMUHIfpC0l,0.185,0.24,10.0,-14.889,1.0,0.0399,0.415,0.0007,0.105,0.11,79.471
6xFK2P3LmaionULnNOOlqq,0.575,0.43,3.0,-14.234,0.0,0.0317,0.474,0.961,0.197,0.134,122.907
7klLXey9V4OrC6mwUXf8Fc,0.29,0.061,9.0,-18.975,0.0,0.0278,0.465,0.0314,0.0847,0.127,79.881
6qlM3aT6CCXrkjmtz4v2fM,0.65,0.872,2.0,-5.028,1.0,0.0964,0.116,0.0,0.161,0.599,97.986
6PCUP3dWmTjcTtXY02oFdT,0.461,0.834,2.0,-4.868,1.0,0.0989,0.0232,1.14e-05,0.14,0.471,135.007
5sYAvst5lCs3Ws5MhExlSr,0.691,0.901,0.0,-5.454,1.0,0.0645,0.00516,1.54e-06,0.136,0.629,102.05
0jWgAnTrNZmOGmqgvHhZEm,0.565,0.564,2.0,-10.044,1.0,0.0292,0.161,0.0,0.114,0.454,134.358
4VUZmIKYPnZZfSg0bMR4pz,0.572,0.757,11.0,-7.023,1.0,0.0365,0.00499,0.0,0.147,0.173,85.998
21eimqDW4tvXXTfqGAvI16,0.685,0.791,0.0,-5.532,1.0,0.0316,0.126,0.0,0.0679,0.646,92.017
5e0O7MjhNHq9G67qDFM8nR,0.68,0.465,8.0,-8.353,1.0,0.029,0.743,0.676,0.136,0.847,109.972
1u4kGo8MOiw8eig7k1paAo,0.305,0.411,2.0,-9.442,0.0,0.0298,0.654,0.00046,0.0622,0.258,136.118
6Tvzf3VEi16JMhAgOwdt2y,0.649,0.516,1.0,-7.428,0.0,0.0297,0.0146,1.56e-06,0.145,0.35,119.997
0WoY5ol6DYtT9WxvDU92et,0.518,0.693,4.0,-5.523,1.0,0.0322,0.111,0.0,0.146,0.672,120.063
6ietSw6t2wYPuxStaSsGh5,0.37,0.471,10.0,-10.544,1.0,0.0371,0.888,0.003,0.103,0.373,146.322
0ct6r3EGTcMLPtrXHDvVjc,0.527,0.835,6.0,-5.298,1.0,0.0433,0.0166,0.0,0.249,0.654,125.983
05G23JkXHRv3NJ9hENaafi,0.435,0.578,2.0,-3.796,1.0,0.032,0.275,0.0,0.158,0.147,130.455
4Sg5kugcA7G2dyFpok5Jyt,0.305,0.177,7.0,-20.758,0.0,0.0457,0.973,0.942,0.0834,0.217,161.496
32Bsla4JMIU9tAeCui4RKp,0.685,0.745,7.0,-6.2,0.0,0.28,0.093,0.0,0.127,0.311,95.95
56Km1EiKJMcV0Z70xRz9qi,0.645,0.682,0.0,-5.398,1.0,0.0276,0.778,0.0,0.183,0.765,95.965
02pyQSEZ1DlpyMhSNE2L69,0.681,0.463,8.0,-7.015,1.0,0.0295,0.78,0.0,0.272,0.391,115.763
7LuCe6qxjtNnfKO4821SPT,0.374,0.433,8.0,-6.409,1.0,0.036,0.339,0.0,0.114,0.319,158.323
4e9eGQYsOiBcftrWXwsVco,0.364,0.922,0.0,-4.217,0.0,0.0567,0.000915,0.0346,0.0697,0.227,79.342
6ZFbXIJkuI1dVNWvzJzown,0.286,0.0968,7.0,-16.806,1.0,0.0323,0.178,0.696,0.0861,0.0395,62.881
7uQuSHXICONzPv91hqMBmf,0.655,0.443,0.0,-14.77,1.0,0.0355,0.428,3.61e-05,0.0363,0.745,128.732
2xqyJa4BRzrEM4HQVgeazW,0.618,0.863,11.0,-3.207,0.0,0.071,0.0495,0.0,0.144,0.561,145.891
3AJwUDP919kvQ9QcozQPxg,0.429,0.661,11.0,-7.227,1.0,0.0281,0.00239,0.000121,0.234,0.285,173.372
7AYGqCVNob6SORGbboUc44,0.618,0.643,7.0,-8.2,0.0,0.0844,0.288,0.0,0.0995,0.611,86.0
22yxHt6UqZpH7tP6W4PooI,0.155,0.0602,9.0,-25.766,0.0,0.045,0.404,0.922,0.122,0.0364,134.622
7o2CTH4ctstm8TNelqjb51,0.454,0.91,6.0,-7.766,1.0,0.0448,0.0866,0.0996,0.116,0.629,125.116
37ebs6hDGOWK8SDAB2kZG5,0.65,0.548,8.0,-8.767,1.0,0.0357,0.0406,0.0426,0.292,0.289,103.949
0a6pjT7GkbGOMJO4SlWQG0,0.49,0.337,4.0,-8.427,0.0,0.0389,0.652,0.0,0.107,0.296,120.946
6t4XT3FQGdB7EjqvfAahNx,0.513,0.404,11.0,-8.003,0.0,0.0507,0.757,0.0,0.0966,0.496,83.412
0jqK7sGTLsHPkQrrcrGuKD,0.431,0.95,7.0,-4.918,1.0,0.26,0.00105,3.63e-05,0.272,0.562,191.941
76GSo8ITf6PakYmNMJAwc2,0.549,0.621,2.0,-6.738,0.0,0.0309,0.106,2.31e-05,0.115,0.245,130.015
4Re9ss7a60eXUDiSyUMQIn,0.381,0.673,5.0,-6.531,1.0,0.0443,0.629,0.445,0.082,0.228,179.66
6WEBwvsmpaoGxka0tSh5a7,0.738,0.614,3.0,-3.761,1.0,0.0318,0.0151,0.0,0.104,0.413,110.021
4TALwpbPAx2grcU29poEPy,0.477,0.47,1.0,-10.628,0.0,0.0772,0.465,0.0,0.0887,0.224,82.66
0swoHiwTazywpoqiKDUtGQ,0.765,0.701,11.0,-4.089,0.0,0.058,0.0579,0.0,0.334,0.758,103.998
2dXsILW8gzkosqleHAvl0v,0.518,0.858,0.0,-6.147,1.0,0.0672,0.00563,0.00349,0.0598,0.249,117.897
4CQnIoccCBtsiBeb1jBFiZ,0.372,0.652,4.0,-6.582,0.0,0.0374,0.404,0.0,0.113,0.638,105.325
4UnC0RwEgaBXhif5XhtfaP,0.553,0.535,7.0,-6.405,1.0,0.0249,0.0101,0.000715,0.0662,0.287,95.994
2Lh37O1OXaYRE4bvALnDvq,0.38,0.00656,0.0,-28.393,1.0,0.0399,0.993,0.84,0.087,0.0369,63.909
5WK0BthtcfaCFRPqjaY1sx,0.307,0.42,1.0,-7.395,1.0,0.0412,0.881,9.12e-05,0.143,0.359,161.005
5XAGVMePJNaXHcdRN578Xi,0.495,0.433,9.0,-12.612,1.0,0.0341,0.494,5.38e-06,0.0998,0.545,93.077
7LVHVU3tWfcxj5aiPFEW4Q,0.209,0.417,3.0,-8.74,1.0,0.0338,0.164,0.00196,0.113,0.124,138.178
3E1FgPTXX203rgBTD5nlKF,0.685,0.764,9.0,-4.503,1.0,0.0664,0.45,0.0,0.227,0.315,80.037
4qLEwHLABVI2Pc43xPJRUA,0.614,0.832,9.0,-3.582,1.0,0.0355,0.01,0.0,0.0582,0.757,119.939
3spdoTYpuCpmq19tuD0bOe,0.401,0.381,2.0,-7.458,1.0,0.0274,0.7,0.0,0.122,0.229,75.454
4aX4pkZnzrqGDQ2S2XJsmQ,0.837,0.449,1.0,-7.019,1.0,0.0554,0.0301,5.37e-05,0.0604,0.825,124.021
5ZguKpURKjxp6lLmLFyKZs,0.52,0.107,6.0,-16.414,0.0,0.0493,0.982,0.0155,0.101,0.454,169.095
5LZVK19ieaV8Mk9FsqTL3F,0.713,0.902,9.0,-3.009,1.0,0.0378,0.0493,0.0,0.0781,0.72,116.909
0JlcGuogSjgZsa0rkLdoBM,0.6,0.588,9.0,-4.907,1.0,0.0283,0.581,0.0,0.083,0.561,110.829
3unsLiH5FXmaDWtT5Imolu,0.652,0.609,11.0,-7.519,0.0,0.037,0.263,0.00101,0.233,0.482,95.986
6FJbvdUSkr1tyXdVZ2UlBR,0.286,0.411,4.0,-4.94,0.0,0.0315,0.834,0.0,0.132,0.0703,164.1
56LYsQITV7nEggGBVuu846,0.399,0.599,3.0,-6.987,1.0,0.204,0.362,0.0,0.188,0.0911,73.051
6lOWoTqVnAWXchddtTH31W,0.586,0.624,5.0,-5.946,1.0,0.113,0.0153,1.78e-06,0.133,0.267,68.976
2GiJYvgVaD2HtM8GqD9EgQ,0.611,0.797,6.0,-7.627,0.0,0.0533,0.00543,0.00137,0.26,0.518,120.041
6QqeEMIz3Hbi8SPAzrrVy5,0.514,0.501,1.0,-6.44,1.0,0.0403,0.384,0.00146,0.105,0.738,198.861
2ZBNclC5wm4GtiWaeh0DMx,0.426,0.584,1.0,-5.293,1.0,0.296,0.0383,0.0,0.188,0.272,193.437
1iArQTuOzxvrtniGmkyy92,0.319,0.803,10.0,-8.928,1.0,0.0394,0.00534,0.0126,0.177,0.589,183.031
2lCT4RVgR0bIYR0JW7Mcqx,0.602,0.834,1.0,-5.641,0.0,0.0289,0.444,0.0,0.438,0.612,91.011
7Muqwx50J3f9n8wIvszq8l,0.347,0.0424,7.0,-14.396,1.0,0.0498,0.979,0.0075,0.119,0.066,76.497
2aAbjYIg2uHBm8sBFlGdBZ,0.446,0.412,1.0,-18.063,0.0,0.0392,0.155,0.365,0.114,0.04,125.944
4esOae7i4rqTbAu9o5Pxco,0.482,0.706,9.0,-5.762,1.0,0.0607,0.135,0.00106,0.105,0.144,92.513
1esX5rtwwssnsEQNQk0HGg,0.59,0.903,9.0,-4.841,1.0,0.0542,0.0536,0.00289,0.12,0.545,105.018
30k5yWHaZRUAeFZXspfmUV,0.307,0.249,10.0,-12.175,0.0,0.04,0.85,2.59e-06,0.118,0.247,85.05
3mpB5TxVf155B1S6KfPtlv,0.411,0.94,4.0,-5.637,1.0,0.111,9.45e-05,4.23e-06,0.967,0.278,182.917
2r1SRt8bhtR6a9bMRR0AgV,0.701,0.744,4.0,-3.421,1.0,0.0411,0.169,0.0,0.115,0.651,89.986
5AEt1JRuzsv7ip4frOvQrE,0.681,0.786,0.0,-5.534,1.0,0.0335,0.117,0.0,0.0665,0.633,91.991
4zdfvfCudMSDKY9kjQbhj8,0.711,0.232,0.0,-10.165,1.0,0.0795,0.838,0.0,0.0844,0.361,139.785
1nZzRJbFvCEct3uzu04ZoL,0.678,0.918,5.0,-4.63,1.0,0.0355,0.000417,0.0,0.0744,0.77,130.03
4UVwbnxKEzPGOuAtSEt2ic,0.328,0.184,0.0,-19.244,0.0,0.0316,0.905,0.406,0.0961,0.199,80.523
2Q22sa3Y4lKXHHBBAxEhYY,0.628,0.943,1.0,-3.914,0.0,0.0402,0.000504,0.000237,0.152,0.743,104.041
6p5ohfzpFYEqqJMyMypCw0,0.622,0.951,6.0,-3.945,1.0,0.157,0.363,0.0,0.0851,0.849,137.046
6A3axRTw93LhvnlQLFmi7S,0.496,0.791,10.0,-6.497,1.0,0.0484,0.168,8.54e-05,0.14,0.585,150.053
6d3sJyECf0XccpnosXyxT7,0.568,0.89,6.0,-4.612,1.0,0.0554,0.309,0.0,0.207,0.644,90.025
1PWnAEQcbwQwK759otUbta,0.261,0.302,5.0,-8.19,0.0,0.0339,0.769,2.57e-06,0.0863,0.0883,81.418
18lR4BzEs7e3qzc0KVkTpU,0.627,0.935,5.0,-4.882,1.0,0.0324,0.0092,0.0,0.147,0.287,120.092
3x3xrjmOy3hu9ky8OFjg7g,0.645,0.579,5.0,-4.198,1.0,0.0291,0.134,7.14e-06,0.0969,0.456,120.085
0ZFeVCKCMCXUQ1TKVd2azW,0.439,0.43,9.0,-7.432,1.0,0.0273,0.16,0.0,0.368,0.26,90.99
5ViLCypdkRUItaiL84czro,0.414,0.613,7.0,-8.283,1.0,0.0356,0.42,0.0,0.865,0.254,82.095
45aBsnKRWUzhwbcqOJLwfe,0.284,0.704,2.0,-7.276,1.0,0.186,0.00583,0.000115,0.0424,0.1,191.702
3YQsdw4FNt17lxAEXXURqV,0.606,0.871,8.0,-3.634,1.0,0.0716,0.388,0.0,0.0983,0.651,98.096
0IeKW0rmQ79Ka9WfR9Nagt,0.209,0.21,5.0,-17.097,0.0,0.04,0.96,0.0,0.139,0.0426,122.29
4xGuK7FsXuZwHCCuNnPzbD,0.617,0.728,7.0,-7.932,1.0,0.0292,0.0328,0.0482,0.36,0.808,139.066
0XAO6HaZDHa2HxbnWWKWCZ,0.701,0.744,4.0,-3.421,1.0,0.0411,0.169,0.0,0.115,0.651,89.986
39kHMfF3dBMZMbOtoit1XF,0.521,0.522,11.0,-8.853,1.0,0.0279,0.258,0.00959,0.12,0.307,134.818
5gTuH5Jl8PVUitsFzFslWu,0.363,0.716,4.0,-4.829,1.0,0.0383,0.55,0.0,0.115,0.372,179.407
0mHZ5IoR9iNM7HoZafOwcl,0.627,0.573,4.0,-4.995,0.0,0.0327,0.43,0.0,0.0786,0.278,129.888
3sQfSEDzsRefqiVuCDflhe,0.685,0.624,11.0,-6.284,0.0,0.0397,0.203,0.0,0.143,0.951,121.984
6P7CGwIMruLWna0QvN14DB,0.641,0.649,10.0,-5.529,1.0,0.0377,0.166,0.0,0.304,0.435,85.999
5qu9xgYAZ2JbDXqssUMP7N,0.281,0.0481,2.0,-20.447,1.0,0.0344,0.986,0.954,0.0849,0.0562,136.805
4UzVcXufOhGUwF56HT7b8M,0.19,0.265,9.0,-9.206,1.0,0.0356,0.863,0.0,0.134,0.101,79.012
75JFxkI2RXiU7L9VXzMkle,0.557,0.442,5.0,-7.224,1.0,0.0243,0.731,1.46e-05,0.11,0.213,146.277
7gQAFGUyHPcY0cQNPsjMf0,0.705,0.927,9.0,-5.942,0.0,0.0426,0.0703,0.0,0.0661,0.962,138.017
0TRzbNlR34FoO3HjHvb8FX,0.372,0.644,11.0,-13.5,1.0,0.0636,0.0188,0.213,0.312,0.236,116.433
1n4esvV7r2y5heDizjTj14,0.533,0.448,11.0,-8.891,1.0,0.0272,0.0865,0.0244,0.144,0.0664,92.97
1WdzDux7Vym4yQi9unQirr,0.614,0.729,1.0,-8.024,0.0,0.0315,0.591,5.67e-05,0.259,0.625,91.016
3weNRklVDqb4Rr5MhKBR3D,0.191,0.0582,8.0,-25.398,1.0,0.0578,0.961,0.89,0.0941,0.0454,132.614
1zMDIP0D1qFp8h2gKlj1ut,0.5,0.628,4.0,-5.135,0.0,0.0461,0.339,0.0,0.0936,0.373,69.785
0FB5ILDICqwK6xj7W1RP9u,0.511,0.872,10.0,-4.414,1.0,0.0491,0.0807,0.0,0.0975,0.511,84.953
4JehYebiI9JE8sR8MisGVb,0.508,0.72,11.0,-5.908,0.0,0.0628,0.272,0.0,0.0563,0.472,79.983
5kqIPrATaCc2LqxVWzQGbk,0.765,0.473,10.0,-5.829,1.0,0.0514,0.287,0.0,0.391,0.34,119.992
2OuNgtXKeCSORKqdl0MxKk,0.614,0.47,5.0,-6.09,0.0,0.0255,0.291,0.0,0.111,0.329,80.045
6MERAQtSWXt3EFnI6UjXGy,0.533,0.659,2.0,-3.977,1.0,0.0376,0.4,0.0,0.0714,0.303,80.0
0lUGrc1XZ6TJ6jWxk103zL,0.203,0.439,2.0,-12.625,1.0,0.0596,0.853,0.000923,0.894,0.145,85.421
31QuXhy09js64az8vRvAKc,0.524,0.437,7.0,-15.542,1.0,0.0319,0.913,0.959,0.157,0.084,94.05
2IZZqH4K02UIYg5EohpNHF,0.307,0.635,7.0,-8.957,1.0,0.0339,0.0154,0.00483,0.366,0.304,166.973
4qFLzh0BSi0KpPYbTWHENQ,0.627,0.736,6.0,-5.254,0.0,0.145,0.134,0.0,0.229,0.574,124.982
7FlHNJT4TC120CDvFOHzei,0.67,0.743,10.0,-4.993,1.0,0.0393,0.237,0.0,0.465,0.571,125.944
0XRxwt5AoIFG0cIfRnb2f2,0.529,0.427,2.0,-7.016,1.0,0.0877,0.724,0.0,0.144,0.492,112.704
7ofV2J7Ndzo2s5NBEgfpxl,0.435,0.7,11.0,-7.3,0.0,0.0321,0.388,0.0,0.118,0.266,84.002
4e9JgdG9V9L1oE43zyfacr,0.401,0.373,0.0,-7.52,1.0,0.0326,0.642,0.0,0.163,0.159,121.528
7BYmOx8ouIHV7iVkgTI6Fp,0.536,0.918,0.0,-4.601,1.0,0.0587,0.000517,0.0,0.116,0.227,139.982
36YNa8joLwu9yor2TkZbIY,0.602,0.864,11.0,-5.282,0.0,0.0661,0.0149,0.0,0.0246,0.71,179.391
09VLSblRnWCvyJb8rNajRJ,0.666,0.639,11.0,-6.167,1.0,0.0349,0.393,0.0,0.0695,0.709,80.03
33jt3kYWjQzqn3xyYQ5ZEh,0.663,0.264,0.0,-14.571,1.0,0.0914,0.706,0.0,0.1,0.657,122.482
1sJ53hBD3uN83UbNaEA4jU,0.54,0.933,5.0,-4.756,0.0,0.0408,0.0112,2.37e-05,0.263,0.758,112.04
1Ej0xptDBpBxUM1dIPcHlm,0.465,0.92,6.0,-4.368,1.0,0.084,6.38e-05,0.0527,0.562,0.233,96.433
4tKiqgP4hiFNSCDeoaNctg,0.409,0.183,7.0,-15.885,1.0,0.038,0.66,0.0,0.0336,0.297,114.601
36qZIsik56PiT7HnM58e8g,0.44,0.228,0.0,-11.132,1.0,0.0323,0.803,2.38e-05,0.117,0.183,125.509
4KTvBpuyzikbShNQ2wl3NQ,0.437,0.83,5.0,-4.193,1.0,0.043,0.819,0.00621,0.715,0.314,141.973
3A9vIxzGBjEfqmDK7H9exS,0.127,0.335,11.0,-8.298,0.0,0.0329,0.786,0.427,0.111,0.0686,77.078
1qDrWA6lyx8cLECdZE7TV7,0.865,0.521,0.0,-6.932,1.0,0.0371,0.548,0.000115,0.0989,0.748,129.059
43RiFCiU9c18mFkoLViAog,0.596,0.857,7.0,-3.227,1.0,0.0484,0.0909,0.0,0.0988,0.653,92.973
4nr4gSTFGmTTSbumSY3kfH,0.471,0.509,0.0,-10.9,0.0,0.0367,0.678,0.936,0.175,0.0595,131.996
06s6aloy62vytl3MnT6gfl,0.27,0.668,4.0,-7.409,0.0,0.0364,0.0102,0.000512,0.994,0.183,112.142
7aE5WXu5sFeNRh3Z05wwu4,0.5,0.185,7.0,-20.242,1.0,0.0535,0.728,0.000746,0.273,0.293,121.002
6kf7ZCJjEbjZXikivKOsvJ,0.365,0.01,1.0,-25.268,1.0,0.0519,0.995,0.924,0.0584,0.0364,135.048
280vpFLeP86WEQGtsycO8O,0.516,0.664,0.0,-6.98,1.0,0.0389,0.279,1.35e-06,0.255,0.25,76.975
1qU8pLmJNC0V2aSOStjWcX,0.423,0.407,10.0,-7.45,1.0,0.0267,0.312,0.000961,0.11,0.161,139.048
7mfvOqsvzZaUl7sfbcNk4E,0.605,0.532,1.0,-10.872,0.0,0.0337,0.0919,0.000576,0.0762,0.139,102.804
2YsfmsmRwWaFV7YLvTGFcm,0.529,0.484,10.0,-6.632,1.0,0.0308,0.133,0.0,0.104,0.281,125.931
6h5PAsRni4IRlxWr6uDPTP,0.646,0.741,5.0,-4.973,0.0,0.034,0.0275,0.0,0.312,0.571,123.077
0HpKuz1HfXxRzNnUqfwzgF,0.52,0.722,2.0,-4.393,1.0,0.0309,0.658,0.0,0.123,0.475,115.338
31VOknKjFrEX47bZXzqcoF,0.301,0.672,2.0,-4.497,1.0,0.0625,0.28,3.1e-05,0.0609,0.384,169.512
6dGnYIeXmHdcikdzNNDMm2,0.557,0.54,9.0,-10.484,1.0,0.0347,0.0339,0.00248,0.179,0.394,129.177
4JJ5zGKnb1IpERyBrfmb1y,0.525,0.472,5.0,-8.018,1.0,0.0255,0.156,4.39e-06,0.29,0.116,138.39
6Q4HcsWQpfXHvIZTRbTIuT,0.689,0.458,0.0,-8.574,1.0,0.622,0.254,0.0,0.434,0.719,131.687
5a0XvkKfdiUpBDat4Y4t9Y,0.524,0.546,11.0,-8.403,1.0,0.0559,0.526,0.0,0.129,0.0831,79.804
18rHhuIUwxXh3SdsBv6oM9,0.718,0.855,0.0,-4.786,1.0,0.0467,0.21,0.0,0.0645,0.611,113.027
5XFbapgbeH9AIl3fsEOBZe,0.581,0.499,2.0,-6.26,1.0,0.0272,0.696,0.0,0.11,0.453,75.012
4JtvyWkWQTPVcroZf8JJkp,0.353,0.591,1.0,-8.126,1.0,0.0512,0.511,0.896,0.108,0.198,67.523
3590AAEoqH50z4UmhMIY85,0.425,0.638,1.0,-3.184,0.0,0.0759,0.426,0.0,0.177,0.45,81.396
32KhwuYoWds724Lx3Er1PZ,0.622,0.598,9.0,-13.265,0.0,0.182,0.635,0.0,0.449,0.573,97.938
3Iqei9G7fo3g0s7cMMULo2,0.457,0.301,9.0,-11.271,1.0,0.0318,0.936,0.00454,0.101,0.184,119.647
5T8EDUDqKcs6OSOwEsfqG7,0.559,0.868,5.0,-5.276,1.0,0.17,0.0475,0.000176,0.776,0.609,156.295
7wTncdYglIWFBf8nRrUe8S,0.493,0.0531,0.0,-19.513,1.0,0.0649,0.945,1.82e-05,0.113,0.396,87.73
4IApitZiYjIYTGp9IvHofd,0.4,0.581,11.0,-6.749,0.0,0.0295,0.489,2.97e-05,0.127,0.157,112.805
3oQomOPRNQ5NVFUmLJHbAV,0.671,0.153,0.0,-13.569,1.0,0.0404,0.912,5.53e-05,0.0771,0.658,85.6
4N0fzRX3T7QkOecp3pkWpp,0.546,0.537,2.0,-7.44,1.0,0.0268,0.000135,0.287,0.125,0.0923,109.908
2fXQQd6oheRdgeqGJbr4VO,0.675,0.523,11.0,-7.011,1.0,0.0488,0.127,0.0,0.0967,0.256,125.766
22UAhLdTkRsP9LDteAVrYD,0.255,0.396,2.0,-15.946,1.0,0.0735,0.802,0.0372,0.751,0.118,74.022
44wHGbEAAalNeTIrI2viiG,0.753,0.693,7.0,-6.357,0.0,0.071,0.241,0.0,0.0967,0.924,91.975
3dYD57lRAUcMHufyqn9GcI,0.575,0.664,4.0,-5.303,0.0,0.0481,0.637,0.0,0.116,0.437,129.071
2NVbNOpBfEQjsSjDxzb05q,0.701,0.369,9.0,-9.582,1.0,0.121,0.863,0.0,0.0911,0.491,136.697
3sc9YIcDSPCXsQ0zzX3JLW,0.481,0.391,2.0,-10.634,1.0,0.0298,0.191,9.64e-06,0.201,0.357,89.889
5iwz1NiezX7WWjnCgY5TH4,0.826,0.773,11.0,-4.218,0.0,0.0524,0.323,0.0,0.143,0.761,126.899
5iUvsXePJTwLTGchrMBiRs,0.0,0.196,5.0,-10.603,1.0,0.0,0.405,0.905,0.117,0.0,0.0
1nhEQjgj0NrtAoDuFEhMEL,0.573,0.722,7.0,-4.853,1.0,0.0492,0.0679,0.0,0.0662,0.495,151.936
0FpMQ5fzfinGFdUUXgrEN3,0.637,0.746,0.0,-7.653,0.0,0.152,0.183,0.0,0.445,0.573,84.087
1wx5hbovwZoPeTUom8cuQ4,0.527,0.89,9.0,-3.983,1.0,0.0549,0.423,0.0113,0.202,0.881,148.082
4xx3UI7cLCk1awQPAPLeHj,0.274,0.148,10.0,-16.815,1.0,0.0367,0.989,0.889,0.121,0.188,127.323
6nek1Nin9q48AVZcWs9e9D,0.449,0.585,5.0,-6.761,1.0,0.0268,0.0509,8.75e-05,0.0833,0.212,139.631
5vV3MXW9acnFuYeYO08CHC,0.571,0.551,7.0,-8.736,0.0,0.0268,0.431,0.0207,0.0852,0.165,134.819
72aqCNAdOo6H4nrPyAivSV,0.804,0.841,10.0,-5.106,0.0,0.195,0.144,0.0,0.248,0.637,121.949
3cfOd4CMv2snFaKAnMdnvK,0.731,0.867,11.0,-5.881,1.0,0.032,0.0394,0.0,0.0861,0.776,104.02
1eAZH4LTThdnreJGX6DNd6,0.551,0.849,0.0,-4.707,1.0,0.0418,0.00201,0.0,0.168,0.315,113.027
6r2BFEIErNwG0owW4rOQB8,0.385,0.259,4.0,-8.963,1.0,0.041,0.969,0.0121,0.116,0.312,77.467
4T9Zw4hmV0rx7od3wxbNj7,0.492,0.597,2.0,-5.724,1.0,0.0289,0.106,0.0,0.37,0.375,125.993
2RSHsoi04658QL5xgQVov3,0.307,0.637,3.0,-6.993,1.0,0.0569,0.0732,0.0,0.368,0.0805,88.693
3yelVZf4p9wDpWjPav5mOn,0.478,0.676,11.0,-6.155,0.0,0.0708,0.00825,0.0,0.0583,0.416,148.039
3PaQq5Zz9WPlyRUVTZ0z2K,0.327,0.609,4.0,-9.89,1.0,0.0568,0.0884,0.258,0.16,0.442,77.827
3H4zdVdlEROthhSDHFrmAp,0.637,0.581,5.0,-5.656,1.0,0.0605,0.231,0.0,0.095,0.407,131.935
7IbYC9Aix6P49vjzXhOSlQ,0.559,0.933,5.0,-5.307,1.0,0.0571,0.0289,0.0,0.887,0.296,115.104
78lgmZwycJ3nzsdgmPPGNx,0.564,0.932,11.0,-10.068,1.0,0.0554,0.013,0.169,0.349,0.619,112.937
1nhjMjke1c1gvdCpDHmakm,0.574,0.515,1.0,-7.219,0.0,0.0524,0.0756,0.0,0.11,0.327,148.003
09LvEjrTv7ojj1NCSaErmJ,0.168,0.0978,0.0,-26.439,1.0,0.0375,0.494,0.932,0.148,0.036,127.059
3qtuOAI0YyfoBM1s7Tvm46,0.473,0.566,2.0,-7.984,1.0,0.0342,0.657,3.49e-05,0.0908,0.296,139.879
1OsjZeUg7cGuiCr4E8schs,0.603,0.49,6.0,-8.58,1.0,0.129,0.402,4.04e-06,0.125,0.331,85.876
2Ef73KZoTCmkABkxetqQ17,0.751,0.896,11.0,-4.472,0.0,0.23,0.246,1.51e-05,0.1,0.91,118.433
7ki1hrpQFKiVKhnfBOnl1b,0.717,0.826,6.0,-10.314,0.0,0.0309,0.00135,0.912,0.112,0.755,133.009
6E7p8AS6KZmtL97yyqbPMc,0.424,0.833,0.0,-4.576,1.0,0.0286,0.0026,0.0,0.12,0.77,177.85
1VLZV4idlXeZvpisIvoGMk,0.562,0.734,2.0,-5.256,1.0,0.0983,0.252,0.0,0.0939,0.47,155.961
7wMq5n8mYSKlQIGECKUgTX,0.421,0.873,10.0,-4.343,1.0,0.0564,0.0654,0.0,0.123,0.629,84.786
2tJulUYLDKOg9XrtVkMgcJ,0.704,0.558,2.0,-7.273,0.0,0.0542,0.148,0.0,0.107,0.245,110.444
0lP4HYLmvowOKdsQ7CVkuq,0.179,0.912,4.0,-3.881,0.0,0.0791,0.0014,0.000294,0.582,0.289,182.99
1iFIZUVDBCCkWe705FLXto,0.571,0.8,7.0,-4.131,1.0,0.0292,0.0101,7.29e-05,0.111,0.335,104.377
0KAiuUOrLTIkzkpfpn9jb9,0.765,0.837,1.0,-3.113,0.0,0.032,0.00107,1.06e-05,0.0801,0.721,122.028
3skn2lauGk7Dx6bVIt5DVj,0.55,0.874,4.0,-4.046,1.0,0.0321,0.000436,1.02e-05,0.206,0.318,121.61
2uZVfvOK7MTjBTRICYmpso,0.627,0.527,1.0,-7.012,0.0,0.0294,0.0219,0.0,0.16,0.293,119.995
4BXkf6yww23Vdju7E1fUrn,0.587,0.35,2.0,-10.954,1.0,0.0318,0.74,0.0,0.156,0.17,74.479
